{"cameraMode":{"drawMode":0,"name":"Shaded","section":"Shading Mode"},"sceneLighting":true,"audioPlay":false,"sceneViewState":{"m_AlwaysRefresh":false,"showFog":true,"showSkybox":true,"showFlares":true,"showImageEffects":true,"showParticleSystems":true,"showVisualEffectGraphs":true,"m_FxEnabled":true},"in2DMode":false,"pivot":{"x":2.116370677947998,"y":-3.7257776260375978,"z":1.9296791553497315},"rotation":{"x":-0.6249260306358337,"y":-0.02060769684612751,"z":0.016503140330314637,"w":-0.7802456021308899},"size":5.107395172119141,"orthographic":false}