{"cameraMode":{"drawMode":0,"name":"Shaded","section":"Shading Mode"},"sceneLighting":true,"audioPlay":false,"sceneViewState":{"m_AlwaysRefresh":false,"showFog":true,"showSkybox":true,"showFlares":true,"showImageEffects":true,"showParticleSystems":true,"showVisualEffectGraphs":true,"m_FxEnabled":true},"in2DMode":false,"pivot":{"x":601.2679443359375,"y":81.99252319335938,"z":167.26651000976563},"rotation":{"x":0.21997469663619996,"y":-0.09639320522546768,"z":0.02184891514480114,"w":0.9704853892326355},"size":741.6971435546875,"orthographic":false}