{"cameraMode":{"drawMode":0,"name":"Shaded","section":"Shading Mode"},"sceneLighting":true,"audioPlay":false,"sceneViewState":{"m_AlwaysRefresh":false,"showFog":true,"showSkybox":true,"showFlares":true,"showImageEffects":true,"showParticleSystems":true,"showVisualEffectGraphs":true,"m_FxEnabled":true},"in2DMode":false,"pivot":{"x":13.822166442871094,"y":20.32256317138672,"z":19.3529052734375},"rotation":{"x":0.21997469663619996,"y":-0.09639320522546768,"z":0.02184891514480114,"w":0.9704853892326355},"size":18.432727813720704,"orthographic":false}