{"cameraMode":{"drawMode":0,"name":"Shaded","section":"Shading Mode"},"sceneLighting":false,"audioPlay":false,"sceneViewState":{"m_AlwaysRefresh":false,"showFog":true,"showSkybox":false,"showFlares":true,"showImageEffects":true,"showParticleSystems":true,"showVisualEffectGraphs":true,"m_FxEnabled":true},"in2DMode":false,"pivot":{"x":0.025627106428146364,"y":0.858890950679779,"z":0.04284888505935669},"rotation":{"x":-0.4085676372051239,"y":-0.007674704771488905,"z":0.0034336410462856294,"w":-0.9126939177513123},"size":1.2690050601959229,"orthographic":false}