{"cameraMode":{"drawMode":0,"name":"Shaded","section":"Shading Mode"},"sceneLighting":false,"audioPlay":false,"sceneViewState":{"m_AlwaysRefresh":false,"showFog":true,"showSkybox":false,"showFlares":true,"showImageEffects":true,"showParticleSystems":true,"showVisualEffectGraphs":true,"m_FxEnabled":true},"in2DMode":false,"pivot":{"x":-1.4893962144851685,"y":0.6151027679443359,"z":0.6144819259643555},"rotation":{"x":0.3581949770450592,"y":-0.09638363867998123,"z":0.03720614314079285,"w":0.9279153943061829},"size":7.088723659515381,"orthographic":false}